{"cameraMode":{"drawMode":0,"name":"Shaded","section":"Shading Mode"},"sceneLighting":true,"audioPlay":false,"sceneViewState":{"showFog":true,"showMaterialUpdate":false,"showSkybox":true,"showFlares":true,"showImageEffects":true,"showParticleSystems":true},"in2DMode":false,"pivot":{"x":148.33938598632813,"y":2.2764196395874025,"z":32.9649658203125},"rotation":{"x":0.0016178736696019769,"y":0.9948310852050781,"z":-0.10032901167869568,"w":0.016134684905409814},"size":0.9716114401817322,"orthographic":false}